{"cameraMode":{"drawMode":0,"name":"Shaded","section":"Shading Mode"},"sceneLighting":true,"audioPlay":false,"sceneViewState":{"m_AlwaysRefresh":false,"showFog":true,"showSkybox":true,"showFlares":true,"showImageEffects":true,"showParticleSystems":true,"showVisualEffectGraphs":true,"m_FxEnabled":true},"in2DMode":false,"pivot":{"x":-0.18634966015815736,"y":4.149630546569824,"z":-5.719274997711182},"rotation":{"x":0.3579123020172119,"y":-0.010767066851258278,"z":0.004336916841566563,"w":0.9338498711585999},"size":0.8660253882408142,"orthographic":false}