{"cameraMode":{"drawMode":0,"name":"Shaded","section":"Shading Mode"},"sceneLighting":true,"audioPlay":false,"sceneViewState":{"m_AlwaysRefresh":false,"showFog":true,"showSkybox":true,"showFlares":true,"showImageEffects":true,"showParticleSystems":true,"showVisualEffectGraphs":true,"m_FxEnabled":true},"in2DMode":false,"pivot":{"x":2.45001220703125,"y":4.521658420562744,"z":-6.417722702026367},"rotation":{"x":0.2854434847831726,"y":-0.016089582815766336,"z":0.004810723010450602,"w":0.9582951068878174},"size":3.7124791145324709,"orthographic":false}