{"cameraMode":{"drawMode":0,"name":"Shaded","section":"Shading Mode"},"sceneLighting":true,"audioPlay":false,"sceneViewState":{"m_AlwaysRefresh":false,"showFog":true,"showSkybox":true,"showFlares":true,"showImageEffects":true,"showParticleSystems":true,"showVisualEffectGraphs":true,"m_FxEnabled":true},"in2DMode":false,"pivot":{"x":2.384185791015625e-7,"y":0.37433290481567385,"z":0.9060472249984741},"rotation":{"x":-0.0015247674891725183,"y":-0.9978459477424622,"z":0.060253601521253589,"w":-0.02673831395804882},"size":0.6654056906700134,"orthographic":false}